<?xml version="1.0" encoding="UTF-8"?>
<beans xmlns="http://www.springframework.org/schema/beans"
       xmlns:xsi="http://www.w3.org/2001/XMLSchema-instance"
       xsi:schemaLocation="http://www.springframework.org/schema/beans
           http://www.springframework.org/schema/beans/spring-beans-3.0.xsd">

	<bean id="propertyConfigurer" class="org.springframework.beans.factory.config.PropertyPlaceholderConfigurer">  
        <property name="location" value="classpath:config.properties"/>  
    </bean> 
	
	<bean id="http.registry" class="com.ever365.rest.HttpServiceRegistry">
	    <property name="injectedServices">
	        <list>
	            <ref bean="rest.test"/>
	            <ref bean="rest.person"/>
	            <ref bean="rest.permission"/>
	            <ref bean="rest.repository"/>
	            <ref bean="rest.faceted"/>
	            <ref bean="rest.config"/>
	        </list>
	    </property>
	</bean>
	
	<bean id="rest.test" class="com.ever365.rest.TestService"></bean>
  
	<bean id="rest.permission" class="com.ever365.ecm.permission.PermissionService">
	    <property name="aclDAO" ref="aclDao"></property>
	    <property name="entityDAO" ref="entityDao"></property>
	</bean>
	
	 <bean id="rest.person" class="com.ever365.ecm.authority.PersonService">
	    <property name="entityDAO" ref="entityDao"></property>
	    <property name="repositoryDAO" ref="repositoryDao"></property>
	</bean>
	
	<bean id="rest.faceted" class="com.ever365.ecm.faceted.FacetedService">
		<property name="facetedDAO" ref="facetedDao"></property>
		<property name="entityDAO" ref="entityDao"></property>
	</bean>
	
	<bean id="rest.config" class="com.ever365.ecm.service.ConfigService">
		<property name="dataSource" ref="dataSource"></property>
		<property name="personService" ref="rest.person"></property>
		<property name="entityDAO" ref="entityDao"></property>
	</bean>
	
	<bean id="rest.repository" class="com.ever365.ecm.service.RepositoryService">
	    <property name="listeners">
	        <list>
	            <ref bean="entityStaticsCollector"/>
	            <ref bean="repositoryLogger"/>
	        </list>
	    </property>
	    <property name="entityDAO" ref="entityDao"></property>
	    <property name="permissionService" ref="rest.permission"></property>
	    <property name="repositoryDAO" ref="repositoryDao"></property>
	    <property name="contentDAO" ref="contentDataDao"></property>
	    <property name="contentStoreDAO" ref="contentStoreDao"></property>
	    <property name="clipboardDAO" ref="clipboardDao"></property>
	</bean>
	 	
	<bean id="contentStoreFactory" class="com.ever365.ecm.content.ContentStoreFactory">
		<property name="personService" ref="rest.person"></property>
	</bean>
	 	
	<bean id="repositoryLogger" class="com.ever365.ecm.service.listener.LogListener">
	</bean> 
	 	
	<bean id="entityStaticsCollector" class="com.ever365.ecm.service.listener.EntityStaticsCollector">
	    <property name="entityDAO" ref="entityDao"></property>
	    <property name="enabled">
	        <value>${entity.statics.enabled}</value>
	    </property>
	</bean>

</beans>
